{
    "pedestrian": {
        "count": 3,
        "total": [
            5.72,
            2.16,
            2.9400000000000004
        ]
    },
    "trafficcone": {
        "count": 1,
        "total": [
            0.9,
            0.4,
            0.4
        ]
    },
    "bicycle": {
        "count": 2,
        "total": [
            3.58,
            1.1,
            3.9699999999999998
        ]
    },
    "bus": {
        "count": 29,
        "total": [
            44.260000000000005,
            47.180000000000014,
            106.74
        ]
    },
    "car": {
        "count": 29,
        "total": [
            44.260000000000005,
            47.180000000000014,
            106.74
        ]
    },
    "motocycle": {
        "count": 1,
        "total": [
            0.0,
            0.0,
            0.0
        ]
    },
    "trailer": {
        "count": 1,
        "total": [
            2.85,
            2.63,
            12.34
        ]
    },
    "truck": {
        "count": 1,
        "total": [
            2.85,
            2.63,
            12.34
        ]
    }
}